order_line_id,prescription_code
OL_SYNd5f1aa38e4f69c5c,672300240
OL_SYN2f2ac8db43691852,672300240
OL_SYN0d065315aae9b1e3,642102570
OL_SYN2eab6408f2a99d35,646001150
OL_SYN2f60e496de9a47d2,672300240
OL_SYN47235cd475a5737d,646001150
OL_SYN8e34fb93cf254cb8,672300240
OL_SYN9a7f0b145a446f48,642102570
OL_SYN467e3b18b161a8b9,672300240
OL_SYN07267c0b12bc12af,646001150
OL_SYN3b20425dfe74da8e,672300240
OL_SYN9a4c95fcdf2b5075,642102570
OL_SYN373fe218c36fdd23,646001150
OL_SYN2f069468ed2670c7,672300240
OL_SYNed700e6730537556,672300240
OL_SYNcf9e938936f7e5c4,642102570
OL_SYNd2dd5169ab1eb297,646001150
OL_SYNbc505d71cc96eccd,672300240
OL_SYN9eb88581d9910793,646001150
OL_SYN462ecbfa6dde9c01,672300240
OL_SYN8d1de78c2bb0f836,642102570
OL_SYNe39a00060de8fcce,672300240
OL_SYN3947e57ce9f5c7b3,646001150
OL_SYNb33c1f396aaacc5d,672300240
OL_SYNbdd3cedb37893866,642102570
OL_SYN5d6b7b229093f28c,646001150
OL_SYNe6fb993f155e8e87,643303130
OL_SYN5d23e22ce235f043,643303130
OL_SYN73eddc1f0867f41c,650203656
OL_SYN2f760a2f40c19c69,628900110
OL_SYN6858e88883c29229,643303130
OL_SYNb87d4717511fc020,628900110
OL_SYNd339dfbf1c1f9a1a,643303130
OL_SYN2bf1b5f900b97394,650203656
OL_SYNb2b40c163735689d,643303130
OL_SYN576bbfaf2e25b6d0,628900110
OL_SYNdbe6d0c67a896ff9,643303130
OL_SYN422a82ff2ea8777f,650203656
OL_SYN978a7a70dc6d3b0b,628900110
OL_SYNce8443ea9797ee3e,643303130
OL_SYN1b31b3308e1e7016,643303130
OL_SYN4bded238e1fd079b,650203656
OL_SYN8b327531a810b927,628900110
OL_SYN41390cfe8df0bdcc,643303130
OL_SYN34e439f8d73d5622,628900110
OL_SYN5aac717819a714a3,643303130
OL_SYNfa7898c07184b37b,650203656
OL_SYN248e25531b81c80e,643303130
OL_SYN31686ee8eeaa2f41,628900110
OL_SYN17f220f7069a6da0,643303130
OL_SYN40925b8741b6bf2f,650203656
OL_SYN72d2ccb057f8884d,628900110
OL_SYN2b393a6f698eec29,055102870
OL_SYN6bc2cce8a3c0fd66,055102870
OL_SYN1531c74e459c5be0,671800510
OL_SYN05174cc47a21f7b6,055102870
OL_SYNa98652a9c21a71e0,055102870
OL_SYN294f077819973db8,671800510
OL_SYN8b272239fdec1f12,055102870
OL_SYN63a90ab7c2ddefdc,055102870
OL_SYN70ce8dd61bd8ea04,671800510
OL_SYN871e93c441f9503b,055102870
OL_SYN375976ce1e5bd9a4,055102870
OL_SYNf422ae4a9393bdf3,671800510
OL_SYN2dadd4714123c483,055102870
OL_SYN0d6da519d599e7aa,055102870
OL_SYN7abb414fa4d966f0,671800510
OL_SYNaccd6311aa7dcc03,055102870
OL_SYN34af1099a25ffe96,055102870
OL_SYNdd8e30340d3cc5cf,671800510
OL_SYN2af3b01ecccf8d35,628900520
OL_SYNd765c3c8807eea91,628900520
OL_SYN440ee4e8e51b7316,643500520
OL_SYN85b2ee19d876e353,628900520
OL_SYN79e80b73c7426401,628900520
OL_SYNc8afd4e13285e9c2,643500520
OL_SYNb4d9fd8d14fc0205,628900520
OL_SYN37d5ad78a80ec906,628900520
OL_SYNfecbabb5d588b348,643500520
OL_SYN46e80d23590b01b8,628900520
OL_SYNd62ad774208d31ec,628900520
OL_SYNb937b940b000e45f,643500520
OL_SYN775a104789b1dc58,628900520
OL_SYN844bd2b5920f5a4d,628900520
OL_SYN6d4e0dd7bef0eb09,643500520
OL_SYN241101fed4efd2cf,628900520
OL_SYN0c43dac9c38212af,628900520
OL_SYN294fcfc05b7af178,643500520
OL_SYN38fc8b26e56085b4,693902610
OL_SYNa24cb7e666dc822a,693902610
OL_SYN0aac20655b62525b,644802781
OL_SYNf15857af64440d94,622803730
OL_SYN5cd085c5491a6010,693902610
OL_SYN91a2a559a818c9f3,622803730
OL_SYN83e14f545bf793d8,693902610
OL_SYNaeab2a5c09f4e970,644802781
OL_SYN2d32d4fbd0190f6a,693902610
OL_SYN1687b5f204d6d6ce,622803730
OL_SYN4cf5bd7cced63392,693902610
OL_SYN11e38adde31c6ee1,644802781
OL_SYNfd60d29b5ea3d0ee,622803730
OL_SYN9aaefd77f8d8e65f,693902610
OL_SYN3bb98bbb4580ca00,693902610
OL_SYN2604041f006e929b,644802781
OL_SYN739b80c3bdb67124,622803730
OL_SYN0593b7b460b28552,693902610
OL_SYNc6934636ccb4cbf9,622803730
OL_SYNb0a2c721e5b7c895,693902610
OL_SYNee3960227508e3b7,644802781
OL_SYN61a4db7b9a2feba9,693902610
OL_SYN6c7f1ae754300253,622803730
OL_SYN69cf01ec6446a082,693902610
OL_SYNa05e6b65b9e90e38,644802781
OL_SYNa928a71eccfa2660,622803730
OL_SYNa215ff39d64c0ca2,622801610
OL_SYN5ec202506754a82d,622801610
OL_SYN83a23765f1dbf8c3,642301360
OL_SYN4dda74cc9f2e047a,622801610
OL_SYN78dd948cf5047af7,622801610
OL_SYNdcd14459c473279a,642301360
OL_SYNe921fbb04da76c02,622801610
OL_SYN84a0c084b29dcf8b,622801610
OL_SYN909e1764882b09ff,642301360
OL_SYNa2bf48210d1750a2,622801610
OL_SYN9c108b596b58589d,622801610
OL_SYN7871ad1eb04ca264,642301360
OL_SYNbe3a60f14ebf0283,622801610
OL_SYNee85b4a6413b19e1,622801610
OL_SYN2827b254302108d4,642301360
OL_SYN3c4ab6a5c91df948,622801610
OL_SYN1d021f9e1753f7e9,622801610
OL_SYNf7444029ede832db,642301360
OL_SYN110906b52c6b19d4,628902170
OL_SYNbc2f190cd2a76e23,628902170
OL_SYN1c8b500985ab8532,641704511
OL_SYN3c3bd0dfbaee390c,628902170
OL_SYNfbc381ccff5cc19d,628902170
OL_SYNf21a148dbdd79f00,641704511
OL_SYNd90d6668b429081c,628902170
OL_SYN5d748ac2a6a6e3fb,628902170
OL_SYN46c20ad11adb2d92,641704511
OL_SYN21db9209c9b7d36c,628902170
OL_SYN1ffc6655992a5d20,628902170
OL_SYN4dbad6e6cdf96b33,641704511
OL_SYN48eba14a0c5744f3,628902170
OL_SYN3291aea98b6d5a04,628902170
OL_SYN0ea592ad9bfff8e1,641704511
OL_SYN223c5fc31fb0207f,628902170
OL_SYN681f7e7627e6f392,628902170
OL_SYNa37ee4d07db25004,641704511
OL_SYNd07f4030e3e0bc17,641100270
OL_SYN396a1a3cf6d0ecf2,641100270
OL_SYN050f87c59534f191,628900450
OL_SYNc7e12c2b655b84a8,641100270
OL_SYN0f817c4a32b21b86,641100270
OL_SYN4b9503b46bf73c91,628900450
OL_SYNf6121ad07a5d6bc1,641100270
OL_SYN2cf41dec395fec0f,641100270
OL_SYN52c49bd380b054b3,628900450
OL_SYNafa10be7652c40a8,641100270
OL_SYN93b448460fc6bc67,641100270
OL_SYNb1b7596a4d8bff13,628900450
OL_SYNa2d200eda1fc5f5a,641100270
OL_SYN60261e3ac5920caf,641100270
OL_SYNe0f08d66c429a3c4,628900450
OL_SYN657dce176310b1e2,641100270
OL_SYN505d11baa128ab46,641100270
OL_SYNbd457051ffc4dbe2,628900450
OL_SYNc986a574a60af24f,653603051
OL_SYNde26b204b1e2d035,653603051
OL_SYN9384201993f9a6ea,653603051
OL_SYN8103f76d24af792d,653603051
OL_SYN3cb1596271a83c2e,653603051
OL_SYN21f2fad17d44fa58,653603051
OL_SYNfd520ba179d0f8a8,653603051
OL_SYNf549946bd4081cb6,653603051
OL_SYN2d5d8e21742dfda8,653603051
OL_SYN766288a6344951a8,653603051
OL_SYN236890cd1318a588,653603051
OL_SYNde7360f659012fd1,653603051
OL_SYN661c581c47a5954e,645401870
OL_SYNf3fd3fb0352fa4c2,645401870
OL_SYN73b9af6d4febba1e,645401870
OL_SYNc949a27b1e544586,645401870
OL_SYN2db93419df244111,645401870
OL_SYN23c53ec0bf4e914b,645401870
OL_SYNeeee63df2f70e49a,645401870
OL_SYN2ddcd2aaac4be235,645401870
OL_SYNbe0f842407908a5d,645401870
OL_SYNd8e09e89452bc6f9,645401870
OL_SYN9b1da7ae3d553f85,645401870
OL_SYN0ef5a9c9bae4ee66,645401870
